comms_num,id,score,title,url,timestamp
1312,7kcoqk,1531,Tutorial - How to buy Dogecoin,https://www.reddit.com/r/dogecoin/comments/7kcoqk/tutorial_how_to_buy_dogecoin/,2017-12-17 10:54:55
42,8n5bpv,236,"Attention all Shibes and Shibettes! DOGECON, a celebration of Radical Decentralization and Cryptoeconomics is happening in less than 25 days!",https://i.redd.it/qn2v6l4hvw011.png,2018-05-30 07:20:31
4,8qrq4e,97,"Nation of Shibes, remember ƒêFK's speech !",https://i.redd.it/yu0xqh6c8r311.jpg,2018-06-13 15:37:44
26,8qklzm,584,How to gain world peace,https://i.imgur.com/BrLa5rr.jpg,2018-06-12 21:00:43
11,8qpw9b,30,When you lose all of your 100% bonuses on the moon faucets :'(,https://i.redd.it/rqp13lytdp311.png,2018-06-13 09:21:31
4,8qt4y1,4,Just here to say hi!,https://www.reddit.com/r/dogecoin/comments/8qt4y1/just_here_to_say_hi/,2018-06-13 19:06:50
2,8qt34a,3,"Many Doges, Zero Cates! Wow, So Crypto!",https://i.redd.it/w775b4tu8s311.png,2018-06-13 19:00:42
23,8qqp1x,10,I will have a giveaway on Thursday. Hope to see you shibes!,https://www.reddit.com/r/dogecoin/comments/8qqp1x/i_will_have_a_giveaway_on_thursday_hope_to_see/,2018-06-13 12:03:09
8,8qpewp,13,I hope all shibes are using coinpot.co for much free doge.,https://i.redd.it/ttmkiis6yo311.jpg,2018-06-13 07:54:30
0,8qqjiy,8,Doge is the best coin. Be much patient.,https://i.redd.it/e7if48h3yp311.jpg,2018-06-13 11:29:46
0,8qu5ra,1,The Downslide Of Late,https://www.reddit.com/r/dogecoin/comments/8qu5ra/the_downslide_of_late/,2018-06-13 21:13:16
0,8qs8l1,2,Is anyone going to the Blockchain Fair in Melbourne this weekend?,https://www.reddit.com/r/dogecoin/comments/8qs8l1/is_anyone_going_to_the_blockchain_fair_in/,2018-06-13 17:02:07
0,8qt61l,0,Watch Dogecoin and other crypto videos about from your favorite YouTube Channels,https://www.reddit.com/r/dogecoin/comments/8qt61l/watch_dogecoin_and_other_crypto_videos_about_from/,2018-06-13 19:10:30
0,8qsvhu,1,Dogecoin (DOGE) Upcoming events for the next 7 days,https://www.reddit.com/r/dogecoin/comments/8qsvhu/dogecoin_doge_upcoming_events_for_the_next_7_days/,2018-06-13 18:32:02
0,8qr3di,2,Bitcoin Flip ‚Äì Free Dogecoin Trading Simulator with Leaderboards and More,http://www.cryptovibes.com/entertainment/bitcoin-flip-free-cryptocurrency-trading-simulator-with-leaderboards-and-more/,2018-06-13 13:32:38
3,8qs2jj,1,Where can USA buyers buy dogecoin directly with debit card or paypal?,https://www.reddit.com/r/dogecoin/comments/8qs2jj/where_can_usa_buyers_buy_dogecoin_directly_with/,2018-06-13 16:35:09
0,8qrw7q,1,YLTCU - Dagon Hours Vol.1 EP [DOGECOIN ACCEPTED],https://yltcu.bandcamp.com/album/dagon-hours-vol-1,2018-06-13 16:06:50
0,8qnbnm,4,The Doge has Landed!,https://www.reddit.com/r/dogecoin/comments/8qnbnm/the_doge_has_landed/,2018-06-13 02:34:09
13,8qec8y,270,"Here, Take a free Dogessant",https://i.redd.it/qevddnfrng311.jpg,2018-06-12 04:01:27
4,8qmpn5,2,Dogechain Wallet problem,https://www.reddit.com/r/dogecoin/comments/8qmpn5/dogechain_wallet_problem/,2018-06-13 01:13:42
3,8qj3f0,5,"Venezuelan here, How do I deposit in the bot doge? I try to help friends with alternatives to the finero fiat.",https://www.reddit.com/r/dogecoin/comments/8qj3f0/venezuelan_here_how_do_i_deposit_in_the_bot_doge/,2018-06-12 17:53:04
2,8qnb2z,0,Comprehensive Wiki Guide to Dogecoin,https://wikicryptocoins.com/currency/Dogecoin,2018-06-13 02:31:57
1,8qjzyk,5,DogeCoin Core,https://www.reddit.com/r/dogecoin/comments/8qjzyk/dogecoin_core/,2018-06-12 19:47:47
2,8qkv51,2,The ‚ÄúEver Ready‚Äù Cryptocurrency,https://www.reddit.com/r/dogecoin/comments/8qkv51/the_ever_ready_cryptocurrency/,2018-06-12 21:30:32
13,8qacor,238,"First dogecoin ATM in Amiens, France.",https://i.redd.it/4ch20zhy2e311.jpg,2018-06-11 19:20:43
8,8qjkpn,3,BIG GOAL - ƒê chip for a fellow shibe!!!,https://i.redd.it/6by2jcdn3l311.png,2018-06-12 18:57:02
3,8qkxux,0,(H)This months (W)Maybe the price of the bundle in doge (5000),https://www.reddit.com/r/dogecoin/comments/8qkxux/hthis_months_wmaybe_the_price_of_the_bundle_in/,2018-06-12 21:39:36
24,8qkvwc,0,Are all shibes all like this? Pulling down like a crab mentality?,https://www.reddit.com/r/dogecoin/comments/8qkvwc/are_all_shibes_all_like_this_pulling_down_like_a/,2018-06-12 21:33:00
0,8qjvhg,1,Ethereum Smart Contracts | Use Cases Of Second Generation Blockchain,http://blockchain.oodles.io/ethereum-smart-contracts-use-cases/,2018-06-12 19:33:50
1,8qgoeu,5,Representing Dogecoin among the madness at Satoshis.Place,https://i.redd.it/i4tyx5g6ii311.png,2018-06-12 10:14:21
10,8qiwj9,0,What do you think of Garlicoin ?,https://www.reddit.com/r/dogecoin/comments/8qiwj9/what_do_you_think_of_garlicoin/,2018-06-12 17:25:15
27,8qcgo3,26,Bam! Dogecoin socks arrived! Seethe my fellow shibes! üß¶ + üêï = ‚ô•Ô∏è,https://i.redd.it/v7anfgpvff311.jpg,2018-06-11 23:55:08
7,8qbo8x,27,"Meme Coins Wallpaper -- wanted to share it with the homies ü§ó, hope it makes your day a tad brighter",https://i.redd.it/xq111d8cze311.png,2018-06-11 22:22:23
5,8qcffw,16,Is Dogecoin a ‚ÄòJoke‚Äô or a Genuine Bitcoin Rival? Experts Predict Who Will Get Last Laugh,http://cryptoqoins.com/is-dogecoin-a-joke-or-a-genuine-bitcoin-rival-experts-predict-who-will-get-last-laugh/,2018-06-11 23:50:56
4,8qi4i4,1,Much Ventilation for my Miner =),https://www.reddit.com/r/dogecoin/comments/8qi4i4/much_ventilation_for_my_miner/,2018-06-12 15:18:11
5,8q8368,81,monday means fresh dogecoins at the local market,https://i.redd.it/6grjoj268c311.jpg,2018-06-11 13:07:23
8,8qhbfb,0,Doge miner,https://www.reddit.com/r/dogecoin/comments/8qhbfb/doge_miner/,2018-06-12 12:28:31
5,8qcg4f,4,Wait for it . . .,https://i.redd.it/u3tuusqkff311.jpg,2018-06-11 23:53:16
6,8q3rfj,255,Who's that ...,https://i.imgur.com/8OyPsbK.png,2018-06-11 00:49:34
2,8qfh7c,1,Dogecoin Blockchain Location on Mac OSX,https://www.reddit.com/r/dogecoin/comments/8qfh7c/dogecoin_blockchain_location_on_mac_osx/,2018-06-12 06:48:28
1,8qacoe,4,Pizza shiba day,https://i.redd.it/hu3wgf7y2e311.jpg,2018-06-11 19:20:39
11,8qbazi,2,Question,https://www.reddit.com/r/dogecoin/comments/8qbazi/question/,2018-06-11 21:35:57
0,8q9lkt,3,New & Refurbished Laptops and PCs - Pay with Dogecoin,https://store.ecosystems-group.co.uk,2018-06-11 17:39:54
0,8q8r3g,7,DogeCon Bringing Blockchain Memes to Vancouver,https://www.newsbtc.com/2018/06/10/dogecon-vancouver-2018/,2018-06-11 15:21:52
0,8qbsqe,1,"ignore, just a text description of dogecoinmultisig.org, built by members of the dogecoin community.",https://i.redd.it/w2lw1x702f311.png,2018-06-11 22:37:53
16,8q7r69,8,So close to 1000 Doge,https://i.redd.it/1d054topub311.jpg,2018-06-11 11:50:53
2,8q8hc4,4,"Unit Co, the team behind Unit Wallet and Coinfundr will support dogecoin natively on all their future apps!",https://twitter.com/itsmaemon/status/1006120108480086016,2018-06-11 14:29:30
2,8q4al1,26,"Shibe is sad, pet him to raise marketcap :(",https://i.redd.it/wg14cs0vx8311.jpg,2018-06-11 02:04:05
5,8qa7sm,0,I'm having problems with the two-step verification with google authenticator,https://www.reddit.com/r/dogecoin/comments/8qa7sm/im_having_problems_with_the_twostep_verification/,2018-06-11 19:03:27
2,8q78qt,4,"We got some new stuff, thank you for your support DOGE COIN IS AWESOME!!!",http://lazypyramid.com,2018-06-11 10:07:27
1,8q5w7s,8,Lurking Not Far Behind The Top Ten Cryptocoins Is One Underappreciated Currency,https://www.reddit.com/r/dogecoin/comments/8q5w7s/lurking_not_far_behind_the_top_ten_cryptocoins_is/,2018-06-11 06:14:34
2,8q754o,2,"I'm a newbie. What is a wallet exactly? I download wallet app to my phone, and wallet software to my PC. I thought they would be the same, but they're not.",https://www.reddit.com/r/dogecoin/comments/8q754o/im_a_newbie_what_is_a_wallet_exactly_i_download/,2018-06-11 09:47:37
6,8pzux1,103,Checking Your Dogecoin Bags...,https://i.redd.it/bhjlqnl1c5311.jpg,2018-06-10 13:57:05
5,8q6urm,2,"I created a wallet on this site my.dogechain.info and I don't have to download any software to my PC or phone, why?",https://www.reddit.com/r/dogecoin/comments/8q6urm/i_created_a_wallet_on_this_site_mydogechaininfo/,2018-06-11 08:53:46
1,8q7pxw,0,How Businesses Can Use ICO as a Marketing Tool,http://blockchain.oodles.io/businesses-use-ico-marketing-tool/,2018-06-11 11:43:24
1,8q5308,2,Is there a faster way to update than rebuilding the transaction history on an old doge wallet?,https://www.reddit.com/r/dogecoin/comments/8q5308/is_there_a_faster_way_to_update_than_rebuilding/,2018-06-11 04:03:16
12,8pu3bm,290,when shiba wakes up the world will tremble,https://i.redd.it/2ntv3lkb90311.jpg,2018-06-09 20:51:30
13,8pzylw,8,"Quick check wallet feature for /r/dogetracker coming soon! Such wow, much excitement making this app more wow",https://v.redd.it/ksqymq0zg5311,2018-06-10 14:24:19
0,8pzxyr,3,Please be careful with your cryptocurrency Crosspost from r/crytocurrency,https://www.reddit.com/r/dogecoin/comments/8pzxyr/please_be_careful_with_your_cryptocurrency/,2018-06-10 14:18:58
27,8psp0a,34,SoDogeTip Stats #5,https://www.reddit.com/r/dogecoin/comments/8psp0a/sodogetip_stats_5/,2018-06-09 17:11:31
2,8pvf7s,6,"Top-5 closed tokensales ‚Äî TON and other tokensales, in which you would never participate.",https://medium.com/@gmaclilan/top-5-private-tokensales-ton-and-other-icos-in-which-you-would-never-participate-c233c9b53585,2018-06-09 23:56:47
5,8pynzg,1,ü•áü•áü•áü•áü•áü•áü•á,https://www.reddit.com/r/dogecoin/comments/8pynzg/_/,2018-06-10 08:54:40
43,8plnbd,444,We are go for racing in the 24h of Lemons!,https://i.redd.it/uuhop1o77t211.jpg,2018-06-08 21:08:04
3,8pwlld,1,DOGECOIN REGISTRATION HELP,https://www.reddit.com/r/dogecoin/comments/8pwlld/dogecoin_registration_help/,2018-06-10 02:54:31
1,8pu3bc,3,How do I make a paper wallet on a usb,https://www.reddit.com/r/dogecoin/comments/8pu3bc/how_do_i_make_a_paper_wallet_on_a_usb/,2018-06-09 20:51:28
4,8pspts,5,Doggo Meme,https://imgur.com/a/zUltCM3,2018-06-09 17:16:01
11,8pvlza,0,An app for easy transaction (idea),https://www.reddit.com/r/dogecoin/comments/8pvlza/an_app_for_easy_transaction_idea/,2018-06-10 00:23:32
14,8ptozt,2,is moon dogecoin a scammersite or not?,https://www.reddit.com/r/dogecoin/comments/8ptozt/is_moon_dogecoin_a_scammersite_or_not/,2018-06-09 19:53:57
7,8pu6r8,1,How do I make a dogecoin wallet „ÄãON MY USB AND IT'S NOT A BACKUP„Ää,https://www.reddit.com/r/dogecoin/comments/8pu6r8/how_do_i_make_a_dogecoin_wallet_on_my_usb_and_its/,2018-06-09 21:04:51
1,8pqfg6,7,"The Doge Community Has Spirit, It‚Äôs The Heart And Soul Of This Cryptocurrency",https://www.reddit.com/r/dogecoin/comments/8pqfg6/the_doge_community_has_spirit_its_the_heart_and/,2018-06-09 08:32:05
13,8psd4c,1,USB ƒê wallet help,https://www.reddit.com/r/dogecoin/comments/8psd4c/usb_ƒë_wallet_help/,2018-06-09 16:05:31
172,8pnpcc,13,"4:20 tip train mutha fuckas, choo choooooooo...... Allllll aboard!",https://www.reddit.com/r/dogecoin/comments/8pnpcc/420_tip_train_mutha_fuckas_choo_choooooooo/,2018-06-09 01:21:43
0,8pnu6e,13,"Doge disappointed after viewing his lack of dogecoin (c. 2018). On the brightside, 1ƒê = 1ƒê",https://i.redd.it/21mucjlsju211.jpg,2018-06-09 01:39:35
25,8pidgi,55,My open source wallet+portfolio app now supports DOGE,https://www.reddit.com/r/dogecoin/comments/8pidgi/my_open_source_walletportfolio_app_now_supports/,2018-06-08 12:58:03
7,8pqt9g,0,Dogecoin mining HELP!,https://www.reddit.com/r/dogecoin/comments/8pqt9g/dogecoin_mining_help/,2018-06-09 09:52:39
17,8pr5yq,0,HOW DO I GET THE FREE DOGECOIN,https://www.reddit.com/r/dogecoin/comments/8pr5yq/how_do_i_get_the_free_dogecoin/,2018-06-09 11:15:24
9,8pbch4,199,Last year in Crypto...,https://i.redd.it/dfh8gxnzil211.png,2018-06-07 19:44:48
4,8pmsbr,1,Dogecoin,https://www.reddit.com/r/dogecoin/comments/8pmsbr/dogecoin/,2018-06-08 23:26:52
3,8pgxgb,6,What is Next I would love 2 c?,https://www.reddit.com/r/dogecoin/comments/8pgxgb/what_is_next_i_would_love_2_c/,2018-06-08 08:11:55
27,8pjdwj,1,i need help! a few days ago my relative and i invested money in dogeminer.cc and yesterday suddenly the site wrongfully terminated our accounts keeping all our doge coins!!! we are very concerned as they are not responding! help needed!!,https://www.reddit.com/r/dogecoin/comments/8pjdwj/i_need_help_a_few_days_ago_my_relative_and_i/,2018-06-08 16:13:07
1,8pdpsd,10,Round 2 Vote DOGE to get listed on a new Exchange,https://shardax.com/listing/coin.php?coin=Dogecoin%20(DOGE),2018-06-08 00:29:47
30,8p85k2,68,Saw these nifty Dogecoin socks on Twitter!,https://i.redd.it/sokic2k60j211.jpg,2018-06-07 10:50:17
7,8pgoup,0,A Question To The Dogecoin Community Re Posting,https://www.reddit.com/r/dogecoin/comments/8pgoup/a_question_to_the_dogecoin_community_re_posting/,2018-06-08 07:34:20
6,8pcvfc,5,‚öΩ Dogecoin World Cup 2018 Predictions Game ‚öΩ,https://www.reddit.com/r/dogecoin/comments/8pcvfc/dogecoin_world_cup_2018_predictions_game/,2018-06-07 22:46:23
1,8pc2y5,8,"Shibas! The much wow update came to Battlefield! Its the new Battledoge 4! Much wow, such awsome!!!!",https://i.redd.it/vjbtw5m13m211.jpg,2018-06-07 21:12:15
4,8p2w5n,400,Remember shibes to keep your passwords safe!,https://v.redd.it/7mmdoexw7f211,2018-06-06 22:07:08
0,8pg2wy,0,Former NBA Commissioner David Stern Just Made a Bet on Cryptocurrency,https://marketbarker.com/former-nba-commissioner-david-stern-just-made-a-bet-on-cryptocurrency/,2018-06-08 06:01:12
4,8paxrl,8,how long does it take for dogechain creator to message back,https://www.reddit.com/r/dogecoin/comments/8paxrl/how_long_does_it_take_for_dogechain_creator_to/,2018-06-07 18:54:32
13,8pd1yv,4,My phone drowned in the ocean last week. RIP my 100 Dogecoin.,https://www.reddit.com/r/dogecoin/comments/8pd1yv/my_phone_drowned_in_the_ocean_last_week_rip_my/,2018-06-07 23:08:14
0,8pffd2,0,monster doge by bepis,https://i.redd.it/y5wgrevh8o211.jpg,2018-06-08 04:25:29
0,8pi1gt,0,No pugs allowed in this subreddit.,https://i.redd.it/b3i9pzt5eq211.jpg,2018-06-08 11:40:42
3,8p8yn7,11,Why has Dogecoin (DOGE) become so popular? - Dogecoin (DOGE) Price Today - The Oofy,https://theoofy.com/12553/why-has-dogecoin-doge-become-so-popular-dogecoin-doge-price-today/,2018-06-07 13:37:54
11,8p7lgl,22,"My first purchase made with Dogecoin - such excitment, happy shibe, many thanks fasttech.com!",https://i.redd.it/k2oz8d30hi211.jpg,2018-06-07 09:02:25
4,8p9n4b,7,Small amounts (<1000) exchange tip,https://www.reddit.com/r/dogecoin/comments/8p9n4b/small_amounts_1000_exchange_tip/,2018-06-07 15:47:25
2,8p9dbr,3,News for Dogecoin lovers! DOGE is now on Guarda Multi-currency DESKTOP Wallet! Enjoy!,https://guarda.co/desktop,2018-06-07 14:59:11
3,8p9vce,4,The fact that no one has come up with the idea of such an approach before seems weird to me.,https://www.ccn.com/lifetask-the-human-potential-platform-prepares-for-pre-sale-launch/,2018-06-07 16:25:06
1,8p73rh,10,"We now have Subreddit Chatrooms, check them out!",https://www.reddit.com/r/dogecoin/comments/8p73rh/we_now_have_subreddit_chatrooms_check_them_out/,2018-06-07 07:39:05
9,8p6qdj,8,"Hey everyone! PexPeppers here again after a long time, I missed you all.!!! Use the code DOGECOIN20 for 20% off all hot sauce! Use coinpayments to pay in Dogecoin.",https://www.pexpeppers.com,2018-06-07 06:39:46
14,8oy43i,292,Which Doge üê∂ are you?,https://i.redd.it/flv7mjyuhb211.jpg,2018-06-06 09:34:43
9,8p7ygi,3,where do ppl sell doge?,https://www.reddit.com/r/dogecoin/comments/8p7ygi/where_do_ppl_sell_doge/,2018-06-07 10:11:21
